Nama Pengguna,Rating,Tanggal,Ulasan
Mas Joko,5,2026-05-09 5:32:05,"driver ramah, perjalanan malam dilayani dengan baik"
ABINYA ANTA,5,2026-05-09 5:30:14,jos jis
Ady Hanifan,1,2026-05-09 5:27:04,"sering telat tapi gak dapet vocer, gk mau rugi banget"
Yana Robbyana80,5,2026-05-09 5:24:49,kerenn
Julius Lau,1,2026-05-09 5:21:04,sudah mendownload pas mau seratus keulang lagi jadinnol
Shinohara clan,1,2026-05-09 4:58:24,jelek ngasih titik gak pernah akurat
Herman Man,1,2026-05-09 4:49:46,"kalau ingin aplikasi ini dicintai pelanggan segeralah hapus aplikasi hemat, karena tdk ada satupun driver yg tertarik untuk mengambil orderanya, belum lagi pelanggan kesulitan utk mencari driver, disaat hujan sudah pasti pelanggan memilih maxim dan grab karena sudah pasti kesulitan mencari drivernya, jujur gojek sekarang sudah makin parah layananya"
Muhammad Ikbal,5,2026-05-09 4:47:32,ok
PIQIH NURBANY,1,2026-05-09 4:46:00,kalau nagih itu agak maksa suruh cepat bayar. Blm jatuh tempo di tagih berkali surh buru2 bayar
Ade Novianta,5,2026-05-09 4:43:22,mempermudah
Ali Kafi,5,2026-05-09 4:42:08,Bagus
Mul Yadi,5,2026-05-09 4:36:24,terima kasih
M Fathan S,1,2026-05-09 4:21:16,aplikasi kocak
Saefudin,5,2026-05-09 4:20:30,mantaap
Siti siti zahro,5,2026-05-09 4:18:24,sangat nyaman orangnya
Bella Fia,5,2026-05-09 3:45:50,sangat membantu
Viar Rachmat Adhitama,5,2026-05-09 3:24:55,Mudah dan nyaman
Keyndra Tama,5,2026-05-09 3:09:23,perjalanan cpt lancar dn nyaman gunakan aplikasi gojek
nowbali tour,5,2026-05-09 3:07:42,on time
Titik Dayanti,5,2026-05-09 2:54:01,baik
Akun sementara,1,2026-05-09 2:49:09,"pantes saham nya anjlok, baru aja mau pakai, daftarnya aja susahnya minta ampun, bnyk kali lag nya"
Hasan Uddin,5,2026-05-09 2:46:26,ok
Maria Feronika,5,2026-05-09 2:43:39,mantab
Use Madi Sudrajat,5,2026-05-09 2:21:23,Terima kasih
Zwas,5,2026-05-09 2:07:27,aplikasi yang sangat membantu
Alvin Nalendara,5,2026-05-09 2:02:47,bagi banget
Mohamad Esa Elyasa,5,2026-05-09 1:40:41,makin keren dan harus menjadi transporter yang profesional
Da Dang,5,2026-05-09 1:06:58,mudah aman dan cepat
RIDWAN BAEHAKI,5,2026-05-09 1:05:33,bagus
Fatah Rizki,5,2026-05-09 0:51:53,ok. puas pake hojek
Hana Mariska Dewi,1,2026-05-09 0:14:37,apk busuk
Noob Gamers,5,2026-05-09 0:07:52,GG GO-JEK Good... 馃憤
roy bhina wiraswasta,5,2026-05-09 0:04:32,"aman ,nyaman ,lengkap atribut ,pelayanan ok banget"
Dwianita Yoshi,5,2026-05-08 23:33:12,selalu menjadi andalan
Eko Riski lesmana,4,2026-05-08 23:30:44,baik
punya uje,1,2026-05-08 23:26:23,apalah udh di intsal malah stak logo
Delia Kirana Aqila,5,2026-05-08 23:15:34,cepet sampe
Dini Fauzan,5,2026-05-08 21:38:01,mantap
Fauzan Arif,5,2026-05-08 21:15:50,Ok
Ridwan Syah,5,2026-05-08 20:01:58,sukses selalu gojek indonesia
Zahra Yuliana,5,2026-05-08 19:42:32,keren
Gepeng Gass store,5,2026-05-08 19:05:18,mantap
Jayautama mandiri,5,2026-05-08 18:48:58,ok
Efendi Pulpis,3,2026-05-08 18:30:34,kerja bagus
Alvi Sed,1,2026-05-08 17:10:16,"kecewa Ama gopay dan gojek,masak main game dan udah selesai misi nya gak bisa klaim hadiah nya.padahal saya sudah lapor masalah"
Bryan Yan,1,2026-05-08 16:44:51,respon customer service buruk...
Erna Wati,5,2026-05-08 16:36:58,mantap
joksin sinaga,5,2026-05-08 16:07:28,membantu sekali
natal salomo,5,2026-05-08 15:26:48,bagus
Jonry Simanjuntak,1,2026-05-08 15:15:04,LANGGANAN GACOR GOJEK ADALAH PERBUDAKAN DAN EKSPLOITASI MANUSIA BAGI PENGEMUDI. SEMOGA GOJEK CEPAT BANGKRUTTTT. SHAME ON YOU...
Shizuu Chann,5,2026-05-08 15:04:44,nyaman untuk saat ini
Hilmatus Sa'adah,5,2026-05-08 14:53:16,mantap...
Dimas Al Lukman,5,2026-05-08 14:19:47,semoga gojek selalu memberikan yang terbaik untuk konsumen
Gede Ariawan,5,2026-05-08 14:08:15,All good
Lotus Amanda901,5,2026-05-08 14:05:16,dengan adanya gojek ini sangat membatu apalagi on time mks gojek..馃榿馃檹
sheschaful,1,2026-05-08 14:03:40,Fitur pembelian listrik s elalu gangguan heran deh
Wayan Rian,5,2026-05-08 13:45:55,good
Lili Wahyuni,5,2026-05-08 13:40:56,"mkch gojek ,sangat membantu sekali ,smg sllu sukses ."
Nur Hayati,5,2026-05-08 13:40:09,good
Muhamad Ilham Fauzan,1,2026-05-08 13:35:53,"Aplikasi sangat buruk, service buruk,"
Ocep Saputra,5,2026-05-08 13:34:52,oke lah
Haru Yeager,5,2026-05-08 13:14:24,"kalo harga n promo, ntah kenapa lebih wow ya disini dibanding sebelah 馃憖"
Nur Sudjanto,5,2026-05-08 13:09:31,semoga lebih baik lagi.
Yuniar Aryansyah,1,2026-05-08 13:08:31,"gojek jadi jelek banget. masa gara gara pake gopaylater saya kena 2 kali transaksi. pake logika masa saya pesan 2 mobil dalam satu waktu, apakah sama mau nipu ya. saya pelanggan yang selalu tepat bayar paylater tapi malah dikecewakan"
Eka Violeta Ketaren,4,2026-05-08 13:08:10,Good
Muhamad Acep,5,2026-05-08 12:46:33,top
Aji Zyon,5,2026-05-08 12:40:03,kerenn bagus sekali
Budiman 22,5,2026-05-08 12:36:01,selalu berbuat lebih baik lagi
Nur Laela,5,2026-05-08 12:18:45,sangat membantu
Tempat Rajut,5,2026-05-08 12:09:19,senang pesan golek cepat tangkas
Hosea Briyan,5,2026-05-08 12:08:31,diskon nya banyak.. drivernya juga banyak pokoknya ga nyesel pake gojek
Joe Mama,5,2026-05-08 12:02:42,Kicau
Siti Aisyah Febriyanti,4,2026-05-08 11:55:45,lumayan. kalau ada promo lebih lumayan lagi
Oma Hera,5,2026-05-08 11:55:34,"makin ditingkatkan skill driver dan kendaraan nya, sukses terus"
rina rahayu,5,2026-05-08 11:39:15,oke
Supriyadj Irawan,5,2026-05-08 11:35:26,pelayanan bagus
Transformasi Diri,1,2026-05-08 11:24:50,Kenapa selalu di minta update aplikasi ya. Saat akan Update memori penuh. Haduh mending tidak usah pakai lagi sudah
Texdar,5,2026-05-08 11:24:35,"sangat membantu sekali, bila keadaan TDK BS keluar sy BS pesan gofood di gojek. thanks BPK , mas, mba udah anterin walaupun hujan deras sklipun"
Ilham Dani,5,2026-05-08 11:23:00,apk ini sangat muda dan kita cpt smpe tujuan... buat Klian yg blom download tunggu ap lgi buruan
Chakra News,5,2026-05-08 10:57:15,Bagus
Muhamad Mukromin,3,2026-05-08 10:56:20,"Tolong benerin aplikasinya ya min, ini kejadian yang saya alami hampir beberapa kali nentuin lokasi tujuan malah cari manual, iya kalo lagi dirumah masalahnya pas lagi urgent jam pulang pengen cepet-cepet sampai rumah nyari lokasi tujuan cari manual di maps, kan repot kalo gitu."
Ida Bagus putu Darmayasa,5,2026-05-08 10:47:22,馃憤
Nanang Anwar,5,2026-05-08 10:45:02,wow gojek luar biasa dlm pelayanan
Lucky Arman,5,2026-05-08 10:38:21,terima kasih sdh dijemput dan diantar dengan cepat dan aman.
ZAKARIA DAMA SAPUTRA,1,2026-05-08 10:31:11,"dear kepada pengembangan gojek, jujur dengan adanya layanan sibuk langganan jam gacor membuat sebagian driver susah mendapatkan order, ketika di jam tertentu layanan GO-RIDE tidak bisa dan tombol layanan disable.. juga GO-RIDE hemat hanya masuk kepada driver yg berlangganan gacor, imbasnya pada driver yg nggak berlangganan dan blm memenuhi syarat susah mendapatkan order!"
Budi Asmaran,5,2026-05-08 10:23:05,tidak menunggu lama driver langsung tiba.
Mase Mase,1,2026-05-08 10:15:22,"APLIKASI BURUK! Suka banget naikin ongkir saat akan memesan makanan, padahal tidak ada hujan, tiba-tiba naik dari 1000 ke 2.800, bukan sekali dua kali, tapi SERING!! LEBIH BAGUS aplikasi Grab, Maxim, dan aplikasi serupa lainnya daripada aplikasi kapitalis pemeras user dan seller!"
Dzaky Anugraha,5,2026-05-08 10:09:41,keren
Sintia Prariwi,3,2026-05-08 9:50:02,sekrng titik nya g sesuai 馃槍
Arkady P L,1,2026-05-08 9:42:44,ga bisa ninggalin pesan buat drivier pas lg nganter barang 馃様. harusny bsa .
Selly Nita Sari,5,2026-05-08 9:41:15,terbantu dengan adanya gojek ini
Rawk13,4,2026-05-08 9:39:08,anter pesenan susah nya melacak lokasi maaf ya ta pindah
Evi Yuwanita,5,2026-05-08 9:35:37,ok
Ade Irawan,1,2026-05-08 9:32:33,tolong di hapus goraid hemat nya.ngerugiin driver.
Yane Kristanty,5,2026-05-08 9:31:28,"terbanti banget dengan adanya gojeg, semoga para driver semakin sejatera dan sehat selalu Aamiin"
1343 87,5,2026-05-08 9:29:26,"ok, mantap sejauh ini"
Diana Dina,5,2026-05-08 9:26:27,setelah di update kok promo nya jd gk ada ya?
StAisyah,4,2026-05-08 9:15:31,saya suka aplikasi nya bagus dan murah
Ahmad Garut,5,2026-05-08 8:59:11,ok
Rahayu Tatit,5,2026-05-08 8:54:34,pelayanan ok
Pilus Putri,1,2026-05-08 8:37:03,tambah malas gopay leter udah gak bisa gofood ongkir y skrng mahal banget mending pake shopee food gofood jelek terlalu mahal
Ragil Liyanti,5,2026-05-08 8:17:23,banyakin promonya
elizabeth devi,5,2026-05-08 8:14:10,langganan pakai gojek sangat bagus
ibnu hasyim,5,2026-05-08 8:07:51,sesuai ekspektasi
Joel Aufey,2,2026-05-08 8:04:43,"solusi dong ini driver suka minta naik harga kalau udah lintas kota, mintanya harga pp, harga jadi dua kali lipat"
baby dragon,1,2026-05-08 8:01:24,"Alhamdulillah semenjak ada langganan gacor, driver lebih sering nahan perut lapar"
Okta Maryam,1,2026-05-08 7:36:15,SUMPAH ANEH BANGET GAUSA NGASIH PILIHAN ONGKIR MURAH KALO NYATANYA PILIH ITU GAK DAPET DRIVER SUDAH NUNGGU SEJAM SETENGAH BARU BS DIBATALKAN MAAGH SAYA SAMPE KAMBUH GILAAAA BANGET
Firda Ayu Chafidiah,2,2026-05-08 7:23:46,"sedikit mengecewakan. nunggu lama bngt pdhl, driver pun bukan yg hemat"
Rizky Masyhury,1,2026-05-08 7:12:27,saya buka aplikasi akhir akhir ini gbsa truss
Anindya Ayu Kirana,3,2026-05-08 7:07:45,"setiap mau memberi rating untuk resto, sudah muncul sendiri bintang 2 dan tidak bisa di ubah, padahal saya mau memberi bintang 5 jadi kasian restonya. tolong untuk di perhatikan馃檹馃徎"
Dara Novriyanti,5,2026-05-08 6:59:41,suka
John Arief,5,2026-05-08 6:57:19,Okehhh lagi
Dimyut Aja,5,2026-05-08 6:55:06,"sangat membantu, untuk transportasi, makanan, belanja.. terimakasih gojek"
Hari Baik,4,2026-05-08 6:47:25,terkadang susah nyari driver
Kamran Syah,5,2026-05-08 6:46:50,Muantap
Yayang Bahtiar,5,2026-05-08 6:40:33,harga ok g mahal
Mercy Cakra,5,2026-05-08 6:39:31,pengantaran aesuai dan tepat waktu
IndZelda Gie Penova,2,2026-05-08 6:27:32,supir nya banyak komplen ke customer karena masalah tarif nya. udh gitu gk pernah chat klo emang gk mau di ambil orderan. udh lama nunggu tau map nya berubah jauh.
Siti Khadijah,3,2026-05-08 6:23:50,"Parah si udah beberapa hari ini pesen gofood slalu lama , karna sulit mendapatkan driver. tolong dong pihak gojek nya jangan ambil untung terlalu besar, kasian para driver , imbasnya ke kita customer jadi susah mendapatkan driver. karna drivernya pada males-malesan kerja karna gak dapat untung,"
Ibam Baim,5,2026-05-08 6:23:18,berguna
Teko Hadi,5,2026-05-08 6:20:40,baik
SAWANGAN ASRI,5,2026-05-08 6:16:28,"saya menemukan ketika driver msh membawa penumpang, tp notifikasi penjemputan sdh masuk ke HP driver.."
Edys Cpm,1,2026-05-08 6:09:50,Drivernya males balas chat ya
Arka 'Nara,5,2026-05-08 6:05:11,ok
Trie _16,1,2026-05-08 5:59:06,gojek makin lama makin susah amat mau kirim barang PDA GK mau ambil hadehh .. pilih pilih oderan apa gmn ya padahal sudah sya kasi akses untuk cod sya yg jalan
Arbuzz,5,2026-05-08 5:52:08,bagus
Erwin Juliansyah,5,2026-05-08 5:44:59,is the best !
Pratiwi Wahyuni,4,2026-05-08 5:23:49,馃憤
suparno,1,2026-05-08 5:22:57,"parah di perjalanan suruh di edit ulang sama supirnya, dan ternyata jadi lebih mahal, mana supirnya bilangnya yang mbayarin bosnya ini, kalau caramu begini ngajak berantem supir sama penumpang ini aplikasi"
David Singson,1,2026-05-08 5:13:54,"makin ribet, kenapa login harus pakai face id? padahal cuma mau login tapi ribet banget seakan akan mau pinjam uang"
CD Project,5,2026-05-08 5:05:49,pelayanan Bagus. harga gak mahal. banyak promo juga. Jadi bisa berhemat
SM Sipahutar,5,2026-05-08 4:57:31,Good
Nolan Nolan,5,2026-05-08 4:33:53,ok lah
Ary Andika,5,2026-05-08 4:33:42,mantap
Ketang Wiyono,5,2026-05-08 4:27:10,ok
Rubi,5,2026-05-08 4:26:04,selalu mudah berkendara dg gocar.
Isnaini April,5,2026-05-08 4:09:12,aplikasi yg pas utk yg mager
Bara UYE,5,2026-05-08 3:59:34,mkeren
Zaskia Sungkar lestari,1,2026-05-08 3:58:15,gojek ongkir mahal anter lama Hi guys rombongan anak-anak smp sMA.Ibu hot yuk otw ramaikan city plaza mall kuta Bumi tangerang murah tiap senin sampai Jumat pagi siang hari pukul 10/14.30.kalo sore &malam & sabtu minggu mahal guys jangan datang.bioskop馃帴 ada tempat superindo hokben bermain馃幃 馃懚anak dan tempat selingkuh seruu loh kalo parkir馃吙 motor sebelah pintu masuk city plaza mall murah 3000 masuk ke gapura warna ungu jangan parkir motor di dalam mall maha ribe pake STNK guys . otw 馃憤
Yankee Kurnia,5,2026-05-08 3:56:26,goodjob
Oppo Ww,1,2026-05-08 3:55:10,"sering ngbug, sama salah titik koordinat"
Ujang Adena,5,2026-05-08 3:49:18,aplikasi mantap
Ferdi Seran,5,2026-05-08 3:47:59,baik
Cham Gaga,4,2026-05-08 3:39:13,puas
Daffa Dwi.P,2,2026-05-08 3:38:55,"Tolong dibenahi lagi bagian metode pembayarannya, saya mau ganti ke non-tunai (gopay) utk pembayaran gojek motor malah gabisa trs jadi kesusahan akhirnya"
Eva Amatulatipah,5,2026-05-08 3:17:18,baik bagus keren
Teuku Ridwan Effendy,5,2026-05-08 3:05:53,mantap
zhafira fathinah,5,2026-05-08 3:03:45,bagus
Monsterkid. id,1,2026-05-08 2:57:21,map sering eror jadi titip jemput suka gak pas mending kalo deket ini jauh bgt soalnya
Ery Muhtar,5,2026-05-08 2:26:06,"karya terbaik bangsa, very helpfull map. Pesan saya, sejahterakan mitra, inshaallah barokah dan makin sukses gojek ini"
Salmia Salma,5,2026-05-08 2:19:17,BANYAK PROMONYA馃ぇ
Mida Doloksaribu,5,2026-05-08 2:18:09,Driver cepat datangnya dan sampai di tujuan dengan aman
ROSIYANTO,1,2026-05-08 2:14:48,"Tolong jangan Pake Apk ini kalau pesan paket, saya sebagai pembeli sangat kesulitan jika ada driver kirim paket ke saya, nomor whatsapp saya di samarkan dan tidak bisa menghubungi saya, tolong di tindak apk gojek ini . paket saya sering di retur gara gara gojek, lain kali jangan pake lagi, sangat menyulitkan baik saya pembeli dan driver yang mengantarkan pesanan saya ."
Hisbullah Ngawi,5,2026-05-08 1:28:42,mantap
Doni Chandra,5,2026-05-08 1:22:13,good
Evie E,5,2026-05-08 1:20:48,pelayanan baik.. Terimaksih..
Rini Nurzaman,5,2026-05-08 1:04:34,bagus
Maria Ines,5,2026-05-08 0:55:15,"aplikasi yang sangat mudah dan lancar saat menggunakan, sukses selalu"
habibi alfaalfi,5,2026-05-08 0:47:40,mantap
Lusy Shalma,5,2026-05-08 0:39:59,"Tetap pertahankan driver yang beneran niatnya kerja dengan baik. Rapi tampilan diri , ramah dan kendaraannya(bersih). Salam sehat buat semua driver gojek, berkah lelahnya ya buat keluarga.Aamiin"
Martha Mamiri,5,2026-05-08 0:04:23,"saya sangat terbantu,dengan aplikasi iniii"
Reska Endrayati,5,2026-05-07 23:56:26,mantap
Dana Papsq,5,2026-05-07 23:51:34,jos
Yogga Ferwira,1,2026-05-07 23:48:20,"kacau, pesan gaada yg di terima sama sekali.. udah nunggu lama padahal sekali nya dapat malah ga gerak atau di diemin doang"
Posyandu Cakungindah1,5,2026-05-07 23:43:18,bagus
Urwah Albariq199,5,2026-05-07 23:09:53,gojek sangat membantu
SIKOCAK 鈥� ID,1,2026-05-07 23:03:38,"pihak gojek itu sengaja meminta agar melaporkan keluhan kita di live chat atau di customer care mereka. karena dari sana dia hanya menyampaikan sesuatu yang berulang, supaya kita capek ngejar perbaikan akun, setelah itu dia embat Saldo pelanggan yang sudah dia blokir/kunci akun gopay nya yang katanya kita dicurigai melakukan transaksi/aktivitas yang mencurigakan dan setelah di cek tim terkait kita melanggar hukum sesuai pasal 17. padahal bukti yang katanya dia temukan tidak bisa dia jelaskan."
Jeevan Jovita,1,2026-05-07 22:42:46,Driver kalau nambah 1 orang nembak nya di harga gila 2xlipat
Pradipta Utomo Putra,5,2026-05-07 22:41:01,seru perjalanan nya membuat ku good mood hari ini. Respect buat para ojol
Mae munah,2,2026-05-07 22:17:49,saran.. jangan terima 2 orderan sekaligus yang berlawanan arah. custumer jadi menunggu lama untuk makanannya.
CEO Susi Sayur,5,2026-05-07 21:26:17,mantap
Adi Prianto,3,2026-05-07 20:14:26,untuk versi terbaru ini secara keseluruhan sudah baik hanya Masukkan saya tetap pada fitur call yang belum kisah aksesibel dengan pembaca layar tunanetra atau screen Reader mohon perbaikan di versi mendatang akar nyaman digunakan sehingga kami dan driver bisa berkomunikasi saat diperlukan
Jaenal Mutaqien,5,2026-05-07 20:11:36,ok
djoko sr,5,2026-05-07 17:43:01,disaat aku butuh gojek selalu ada dan sedia...
Gojek sue Komunitas,1,2026-05-07 17:34:53,buat para costumer mohon maaf ya.wajar banyak driver pada nolak orderan.karena driver di kotak-2in.ongkir 5 rb ambil di mall anter di di gedung-2.jadi bukan driver yang bermasah..menejemen/orang-2 di kantor gojek nya lah yang biadab.ngga punya rasa ke adilan&prikemanusiaan.
Daniel Erlangga,5,2026-05-07 16:50:47,semoga lancar
Dona Spidd,5,2026-05-07 16:47:55,good the best
Arkan Nendra,5,2026-05-07 16:45:23,bagus
Langit Saga AM,1,2026-05-07 16:32:43,Aplikasi Yg Taiiii
hoedy pramono,4,2026-05-07 15:37:10,potongan untuk pengemudi besar terlalu besar
Josep Wemben,5,2026-05-07 15:35:39,good
Adinda Ramadani,1,2026-05-07 15:32:42,"driver gojek skrng berkurang apa gimana si, udah mau sejam nyari driver ga dapet dapet heran!!!"
Jonny Pendi,5,2026-05-07 15:12:01,"Naikilah gojek, karena gojek is the best"
Ibnu Rudiarto,5,2026-05-07 15:04:43,ok
wisnu harviyanto,4,2026-05-07 14:52:54,ok
嗉篎AUZAN W.R嗉�,2,2026-05-07 14:12:44,"coba perbaiki lagi sistemnya, masa gomart ke Alfa yang jarang 500n harus nunggu 30 menit, pertimbangan dong, kecapean nunggu mana ongkir mahal"
Okga Rifianto,5,2026-05-07 14:01:10,ok
Oman Abdurohman,5,2026-05-07 14:00:53,fast respon
Rima Sudrajat,1,2026-05-07 13:41:57,kebijakan tidak jelas
wisnoe hans,1,2026-05-07 13:38:25,"aplikasi disaat kita lapar,sangat tidak membantu .....agen agennya kurang selektif serta disiplin tanpa sanksi .....kenapa harus aplikasi ini jika masih banyak aplikasi yang lebih baik.tks"
Ngurah Arta,5,2026-05-07 13:10:24,sopirnya sangat ramah..dan tidak ngebut berkendara.makasih gojek馃檹馃檹
Irfansyah Ipang,5,2026-05-07 13:08:51,Jempol
Dera Aprianti,1,2026-05-07 13:08:06,"sangatt buruk, udah 4 kali pesann di toko berbeda, di batalkan terus menerus, kecewaa beratt perbaiki dehh tuh sistem driver nya, hobi nya nolak teruss"
Irsyad 4,2,2026-05-07 12:54:52,"skrg pesen gofood minimal 1 jam, gila"
Rusdi01 Rusdi,5,2026-05-07 12:39:41,mantap
Mario Firdaus,5,2026-05-07 12:38:10,terdepan utk mempermudah kebutuhan wsrga
Jaka Baruna,5,2026-05-07 12:21:34,pelayanan ramah
Refki Brata,4,2026-05-07 12:17:54,ok
Zubaidah Sa'roni,5,2026-05-07 12:13:59,"bintang 5 buat driver nya! tepat waktu,cepat,ramah,act of service"
Povasilver76,1,2026-05-07 11:57:49,udh berkali kali verif gagal Mulu
abel wahyudi,5,2026-05-07 11:35:26,drive bagus
Herdi Susanto,3,2026-05-07 11:34:02,ada gerangan apa kenapa susah untuk mendapatkan driver? terutama di area pontianak.
Yan Rosandi,1,2026-05-07 11:33:10,"baru kali ini gojek 2026 makin hancur, bokbrok terparah, enggak kaya dulu bagus banget."
ubaid zaky,5,2026-05-07 11:26:18,"Sangat mudah dan membatu, dalam aktivitas"
Husnul Munawaroh,5,2026-05-07 11:25:37,bagus dan menarik banget
intan karwema,5,2026-05-07 11:19:26,top markotop
gita agistira,1,2026-05-07 11:16:42,"titik almat bsa berubah sendiri setelah pesan, pdhal sblum pesan alamat sdah benar"
Erlih Budiwan,5,2026-05-07 10:56:59,memuaskan
teguh iswahyudi,5,2026-05-07 10:43:08,Tepat waktu
Ani Suryani,3,2026-05-07 10:42:41,"jaringan lambat, pemilihan driver terlalu jauh dari titik penjemputan"
Durox Durox,1,2026-05-07 10:40:05,"barang gw ketinggalan barang jirrr , gw konfirmasi dari jam satu malam ,Ampe sekarang jam 6 sore iyahnya doang.., dan gw dikasih nomor kontak yang gak berlaku , sekelas GOJEK lohh ini. luar biasa馃憦馃憦 Konoha konahaaaa..."
adli bahrun h.m.sebe,5,2026-05-07 10:40:05,makin mantap
Jahyun Jayjo,5,2026-05-07 10:18:22,"drivernya baik , krn macet lewat gang eh tau2 smp tujuan"
bayu candra,5,2026-05-07 10:09:44,okeh
Annisa Ayu auliya putri,5,2026-05-07 10:09:27,馃憤
Anna Mulyani,5,2026-05-07 9:51:31,ok banget
KHAIRUL ANAM,5,2026-05-07 9:51:04,mantap
Kari Asa,5,2026-05-07 9:47:33,mantap
Bima Rama,5,2026-05-07 9:40:47,sopirnya ramah...
Dedi Suwanto,5,2026-05-07 9:31:39,Bagus sangat membantu
Zayn Fadil,5,2026-05-07 9:10:44,cukup bagus
Agus Zidni,5,2026-05-07 8:38:39,bagus banget nih aplikasi jadi kebantu banget
novi farida kurniasih,5,2026-05-07 8:16:39,Aplikasi yg mempermudah kemanapun saat gak bisa bawa kendaraan sendiri 馃憤
PURWANTO NBX,5,2026-05-07 8:15:02,Simple untuk penggunaanya
Ikra Negara,5,2026-05-07 8:07:51,mantap
dandi dwi,5,2026-05-07 7:59:14,okee
Athaya Paramesti,5,2026-05-07 7:51:12,mantap
KangKasaN Printing,5,2026-05-07 7:32:04,wadadidaauuu gojek memang mantul
Dimas Wahyudi,2,2026-05-07 7:02:16,"server hari penuh, sampai saya tidak bisa masuk diaplikasi"
Saimah 2000,3,2026-05-07 6:58:55,"pesen goojek lama bngt kg dapet"" dari jm 11 smpe jm 2 belum dpt juga 馃槖"
Chotib Nur,5,2026-05-07 6:54:36,mantaap
Wenita,1,2026-05-07 6:42:58,"sumpah gojek ini ga berbenah sama sekali, kalau telat dapat driver 1-2脳 oke lah.. ini berkali-kali bahkan sampai hampir 1 jam.. mana di suruh nunggu setengah jam lebih baru bisa dibatalkan, bayangin kalau orang kelaparan"
pinikiyo /lieyy,1,2026-05-07 6:42:01,drivernya di evaluasi
Jefri Rachman,3,2026-05-07 6:40:41,diskon makanan makin dikit harga makanan makin mahal.
Sang Prabu,1,2026-05-07 6:40:23,sya ga mau naik gojek lagi pengajuan pinjaman gagal terus pdh udh lunas ga pernah telat bayar.
Fauzan Nugraha Kaisyinda (FNK),1,2026-05-07 6:39:25,"Gojek?,huh pesan Transportasi terlalu lama & sering dicancel oleh driver tanpa alasan."
siti hajar,2,2026-05-07 6:34:20,"Tolong diperbaiki untuk PETA nya, karena driver selalu salah jalan saat melakukan penjemputan, selalu diarahkan ke jalan yang lebih jauh dan susah lewat. sehingga memakan waktu lebih lama saat jemput."
Sams Udin,5,2026-05-07 6:23:06,"diinfokan diemail,data pribadi saya sudah diproses harus tunggu undangan goride (2 w) melalui Wa"
kevin cool,5,2026-05-07 6:18:13,sangat bagus
sae pudin,5,2026-05-07 6:15:29,sangat membantu makasih
Gilang Fauzi,5,2026-05-07 6:14:16,enggk nunggu lama
Saripin Urip,5,2026-05-07 5:55:45,oke
Dinda Alifia,2,2026-05-07 5:44:34,"plis banget benerin sistemnya, masa ngebatalin driver buat nyari driver lain malah jadi kepesen 2 driver?!?! 2x loh saya mengalami hal kaya gini, mohon untuk kedepannya jangan sampai bisa kejadian seperti ini karna saya kasian sama drivernya"
Iis Handayani,5,2026-05-07 5:39:39,very good
Alfian Yoga Nugraha,3,2026-05-07 5:38:58,masa buka Go transit loading lama minta ampun jaringan bagus kouta banyak perbaikan dong
Siti Rahma,5,2026-05-07 5:18:04,sangat membantu
dhiya sofwan,1,2026-05-07 5:10:33,"kenapa sekarang sering muter2, pdhal koneksi internet lancar2 aja di aplikasi lain"
Cristian Dwi Cahyo,1,2026-05-07 5:00:00,aplikasi tolol uang saya hilang bertahun2 terulang terus menerus
Rafif Darmawan,5,2026-05-07 4:58:13,cepat
Subiyanto Yanto,5,2026-05-07 4:33:32,mantaps
Moch Raden Ali Mimbar,1,2026-05-07 4:20:43,vc 1rp ternyata tidak sesuai
Rifki Mubarak,5,2026-05-07 4:09:40,ok bgt
Asep Achmad,1,2026-05-07 4:02:15,"GOJEK mau BANGKRUT ya? sepi banget orderan nya,mudah2an GOJEK BANGKRUT beneran,AMIN"
Tanto Jutanto,5,2026-05-07 3:41:18,Sangat menyenangkan
Mizan Nur,5,2026-05-07 3:33:39,sangat bagus
Tian Kristian,5,2026-05-07 3:29:25,best
Weliya Rahmi,4,2026-05-07 3:24:17,sangat membantu praktis
Ucu Saputra,5,2026-05-07 3:18:04,nyqman dan aman
Dalifah Ifah,5,2026-05-07 3:16:00,semua baik
dwi Rizal,5,2026-05-07 3:09:50,good service
DJo3 05,5,2026-05-07 3:08:48,pelayanan nya cepat
Ikhwan Nur hadi,1,2026-05-07 2:25:44,"cara berhenti langganan gojek plus gimana ya, mohon informasi nya. terimakasih"
Coky Yudis,5,2026-05-07 2:09:10,mantap
Umroh98 2016,5,2026-05-07 2:03:34,memuaskan
Rosita Situmorang,5,2026-05-07 1:55:28,"Nunggunya tak pake lama guys, keren pokoknya 馃憤鉂�"
Nizma Febrianti,5,2026-05-07 1:53:33,Alhamdulillah lancar
Ni Ketut Sri Mahayuni,5,2026-05-07 1:49:09,Fast respon n ontime
Lia Dahnken,5,2026-05-07 1:47:24,bagus
Djagad Aryadhinata,5,2026-05-07 1:37:05,luar biasa
Ade Poejianto,5,2026-05-07 1:29:35,good job
DEVIL BLACK CYBER TEAM PROFESIONAL DIGITAL FORENSIC,5,2026-05-07 1:25:39,good service
Lis lms,3,2026-05-07 1:12:24,"halo admin gojek,saya pengguna blm ada 1 tahun,,kenapa akhir2 ini harga pulang lebih mahal 2x lipat dr harga pergi?..biasa nya harga PP sama tp akhir2 ini hanya harga pulang nya saja 2x nya padahal jarak nya sama seperti saat pergi.mohon di tinjau lg kendala nya dimana.terima kasih"
Fiqri Fachrezi,1,2026-05-07 1:10:04,"susah sangat buat laporan bantuan, dijawabnya ai mulu. cs kalian pada kemana sih"
Suryadi Setiawan,5,2026-05-07 1:08:27,ok lah
Tsabitah Ulhaq,1,2026-05-07 1:05:41,"paylater gak bisa, driver pun irit."
EVA YULIANI,5,2026-05-07 1:00:40,good
The Unyiel'S,5,2026-05-07 0:49:54,mayan
1514 - Al-Fariqy Raihan Azhwar,1,2026-05-07 0:46:52,streaming map lo nge bug tuh
Amir Mirum,2,2026-05-07 0:43:30,tolaong gopay pinjam lihat orang yang rajin bayar tapi di tolak uda tidak jelas lagi semau nya uda jagan dowlod lagi kita di sini tingalkan gojek dari sekarang
Vincent Iskandar,1,2026-05-07 0:22:41,"If you in indonesia dont use car service from gojek, many driver accept your order and asking you to cancel if they didnt want 馃ぃ"
YAZID ABRAR SIREGAR,1,2026-05-07 0:02:52,driver nya lambat
Grace Hutapea,5,2026-05-06 23:44:50,Teman perjalanan sehari-hari anak ku馃憤
Jihan Nariswari,1,2026-05-06 23:02:13,Aplikasiiinya sering eror malesin banget. JELEK APLIKASI MEDIT PUNYA DRIVER GA ADA YANG MAU AMBIL
Herdiyana Rosadi,5,2026-05-06 22:24:02,bagus cepat
Silat Hilir,5,2026-05-06 20:55:37,memuaskan
Husin s20,1,2026-05-06 17:37:07,aplikasi sangat buruk sekali
Muhammad Alkodri,5,2026-05-06 17:06:50,ok
Dila Cika,5,2026-05-06 17:01:43,bagus baik
Didan Ikbal,1,2026-05-06 16:17:35,"driver gocar harus disiplin,daerah jakarta saya pesan berkali-kali dan di cancel berkali-kali,di chat pada gak dibales,harus di tindak tegas perihal disiplin"
lilis lilisnuraeni,5,2026-05-06 16:05:40,good
Asep Kartono,3,2026-05-06 16:00:20,kecewa ngorder hemat dapat jauh jauh ngorder biasa terus muter ga dapat driver aneh sampai tlat mau kemana mana mengecewakan
Sindy Laila,1,2026-05-06 15:59:22,"MAIN CENCEL SEENAK JIDAT DRIVER, PADAHAL ONGKIR GEDE UDAH TAU DAPETIN LAGI SUSAH.. GOFOOD SEKARANG PESEN BISA 2JAM SENDIRI, GARA GARA DRIVER GAK ADA YANG MAU AMBIL GUA PERNAH SAMPE 3JAM CARI RESTO DI BATALIN TERUS GARA GARA GA DAPET DRIVER... DRIVER PADA BELAGU ONGKIR GEDE GA ADA YANG MAU AMBIL"
Komala mala,5,2026-05-06 15:54:04,puas
Najwa Kayla,1,2026-05-06 15:54:03,"halo. saya ingin melaporkan ini kenapa ya saya suka mendapatkan 2 driver di waktu yg sama? bahkan aplikasinya pending ketika customer membatalkan? temen saya juga mengalami hal serupa. tolong dibenarkan sistemnya ya, agar kejadian mendapatkan 2 driver diwaktu yg sama tidak terulang. karena itu benar benar tidak enak. jelek sekali sistem pemesanannya kok bisa kaya gitu padahal sebelumnya dan udah lama sekali pakai gojek ga pernah kejadian hal seperti ini. terima kasih 馃檹馃徎"
icaL Cusmi,4,2026-05-06 15:51:04,woy gojek kenapa ini gangguan mulu?!! gw mau bayar cicilan jadi gak bisa glliran lewat dari tanggal gw di bebanin bunga.. yang bener aje.. urus dong punya aplikasi!!!!!!
Annisa Setyaningsih,2,2026-05-06 15:47:59,"knp sih driver gojek skrng pada gak jelas?? dua kali dapet driver tp dia sama sekali gak bergerak bahkan menjauh dari penjemputan lokasi, giliran ditanya mau ambil apa enggak, cuma diem aja bisanya! kalo emg gak mau ambil tuh bilang!! kan orang jd nunggu lama! ditambah saya itu lagi sakit, pengen cepet"" pulang buat istirahat, tapi malah dighosting sm driver. kalo dari awal nolak krn gak cocok kan bisa bilang dari awal biar saya cancel, ini malah diem aja! bisu kali ya?"
Alan Setiawan,5,2026-05-06 15:44:56,tolong di update lagi masa restoran tutup tapi di aplikasi buka jadinya susah mau di batalkan
Iman Suherman,4,2026-05-06 15:44:14,Kenapa GoCar Hemat Harganya Lebih Mahal Dari Yang Biasa?
Yoga Azis,3,2026-05-06 15:35:51,jelek banget mahal mahal banget ongkirnya
FrediAjana Fu,5,2026-05-06 14:52:00,Mantap
Azzahra,3,2026-05-06 14:50:18,"apk lumayan, tapi sangat di sayangkan saya menemukan beberapa driver yang menyepelekan tanggungjawab nya, banyak sekali costumer termasuk saya sudah menunggu 30 menit bahkan lebih untuk penjemputan tetapi driver putar balik dan malah pulang kerumah nya sendiri membiarkan beberapa costumer menunggu tanpa kepastian dan jelas ini memakan waktu penting seseorang terutama jika orang itu memiliki waktu penting untuk berangkat kerja maupun kuliah, penyeleksian nya tolong di perhatikan lagi"
FERY CANDRA,5,2026-05-06 14:08:44,cukup puas
Arra Sholeha,1,2026-05-06 14:04:21,"jelek banget , ga bsa baca map titik lokasi pnjemputan pdahal udh sesuai peta di titikin tp geser lagi geser lagi , tiap naik hrus debad dlu"
Nurhanna Asa,5,2026-05-06 13:45:18,tepat wkt dtg nya ramah pengemudi nya bnyk promo
Mr Ryan,5,2026-05-06 13:02:09,semoga gojek selalu ngasih yang terbaik buat pelanggan setia.
Ratu Asyifa,5,2026-05-06 12:51:08,gojek oke
Winwin Abdi,3,2026-05-06 12:36:19,"di aplikasi gojek klo top up di alfamart, indomaret GRATIS.... FAKTANYA isi 20rb jd saldo 18rb admin 2rb... kasih info yg bener dong"
Jam Dinding,5,2026-05-06 12:33:19,Joss mantap
Bagoes Boedie,3,2026-05-06 12:23:39,jos
Azka Auliya Nurazizah,5,2026-05-06 12:20:36,"banyak diskon gess, tapi banyakin lagi plis"
TJAN TJETJEP,5,2026-05-06 11:55:13,cepat & sangat baik
Andrea Lukman Hakim,5,2026-05-06 11:53:52,kicau mania keren
Dave devil Dave,5,2026-05-06 11:53:13,bagus
aris budisantosa,5,2026-05-06 11:48:11,puas
el barca,5,2026-05-06 11:47:41,mantap
Marky light,1,2026-05-06 11:45:04,"akhir akhir ini tiap top up gopay di sini selalu delay lama sekali, mengakibatkan keterlambatan untuk melakukan pemesanan, sudah 2x kejadian"
Trikaria Gemilang,5,2026-05-06 11:28:16,bagus
Adi Andrian,1,2026-05-06 11:27:11,driver dpt 5rb ambil gofood nya jauh. 6ribu anter jauh jmput jauh. pulang nya kosong. uda skarang akun aceng anyep. gk jlas gojek
Aini Dewi,5,2026-05-06 11:04:12,ok
Okta Perania,5,2026-05-06 10:57:38,oke oke aja membantu buat pesen goofood cepet bgt dpt driver nya
Meisya Novriadi,5,2026-05-06 10:49:20,good
Mochamad Sultoni,5,2026-05-06 10:49:01,makasih pak
frengky l,5,2026-05-06 10:44:28,terbaik
Faisah Safitri,5,2026-05-06 10:34:02,mntap
arya gibran chairi,5,2026-05-06 10:02:21,apk yg sangat bagus
Yogie Permana,5,2026-05-06 10:00:24,keren
Arin Arini,5,2026-05-06 9:57:27,aman
Shopee Food,1,2026-05-06 9:50:20,"jangan ada yang pake gojek, unistall sekarang rame-rame karena aplikasi banyak merugikan driver atau pun customer dengan system pembodohan ...laksanakan unistall ya guys"
Muchlas in,5,2026-05-06 9:22:12,ok
Semuel Lentholangi,5,2026-05-06 9:15:26,Drivernya ramah sopan kendarannnya bersih
Kucing Dontol,1,2026-05-06 8:58:21,nyari customer servis di aplikasi isinya cuma templat dan bot ga ada cs manusia
Anna Cp,5,2026-05-06 7:53:40,cepat memuaskan layanan gojek dan gocar
Muh. Aufar Pratama,5,2026-05-06 7:44:23,aplikasinya sangat membantu dan menyediakan pilihan pembayaran
Sahrial As,1,2026-05-06 7:42:51,Tarif nya diturunin diam2 bonus sudah tidak ada harga kebutuhan naik bagaimana bisa driver sejahtera? biaya jasa aplikasi tinggi customer bayar nya mahal driver nya kebagian sedikit
Ngkong Yan,5,2026-05-06 7:32:56,baik semuanya
Parsa F,3,2026-05-06 7:28:31,tidak ada pemberitahuan queue
Gezy Elkajny,5,2026-05-06 7:06:06,"saya sangat suka pakai aplikasi awalan go, s saya pake semua gojek dan gopay"
Dewilde Angela,5,2026-05-06 6:19:39,sangat membantu dan mudah untuk braktifitas
Dona Agung,5,2026-05-06 6:03:11,Aman dan Nyaman
Griselda Hanania,5,2026-05-06 6:02:57,bagus sih
anas 17,5,2026-05-06 6:02:35,"sudah cukup baik, lumayan sebagai alternatif ketika shopee lagi gk dapat promo"
Ajeng Giovani,5,2026-05-06 5:56:32,"pelayanan oke, tingkatkan"
Satria Agung,5,2026-05-06 5:54:37,rekomendasi
Wayan Abdullah,5,2026-05-06 5:52:59,mempermudah transportasi
Takwa ansar Makatita,5,2026-05-06 5:50:04,mantapp untuk perjalannyaa
Ling Ny,1,2026-05-06 5:01:41,aplikasi sampah
Adi Purnomo,5,2026-05-06 4:58:31,good
銊氥剸釛辅 涓垮昂7,1,2026-05-06 4:54:58,"tolong ditambah event yang bisa dapat coin, dan ditambah game yg bisa dapat coin ,game gocatnya adain menu double coinnya please diupdate developer 馃檹馃徑."
Dian Handayani,5,2026-05-06 4:54:55,perjalanan lebih aman dan nyaman
Heri Hariyadi,5,2026-05-06 4:46:14,good app
Dadang Yuliantok,5,2026-05-06 4:43:52,sopan dan ramah.cepat dan tepat waktu
SL AR,1,2026-05-06 4:40:29,Bintang satu aja...pelayanan buruk tidak berguna mending gulung tikar aja kembali ke laut
Nazzala Keisya,1,2026-05-06 4:35:20,"apa coba udh sering bgt top up tapi saldo selalu ga pernah masuk, pdhl udh berhasil top up nya"
Amin Muhyiddin,1,2026-05-06 4:29:37,layanam cs lenyap. tidak bisa ganti nomer hp. chat bot.
Jeni Eni,1,2026-05-06 4:28:36,kasian mamang gojek nya ongkir nya murah. dan klo dapet orderan yg double cuma di tambahin sedikit.
Gustav Rostov,3,2026-05-06 4:16:30,Suara Notif nya ganggu banget. Suara notif yang dulu lebih enak
Tommy Tommy,5,2026-05-06 3:56:20,"ya The best public transport, wise driver and fine fare"
Rahma Yanti Rahman,5,2026-05-06 3:52:47,cepat pelayanannya saya suka dan amanah
Kamala Mala,5,2026-05-06 3:44:51,sangat kicau
Bhre FARUQ,1,2026-05-06 3:44:16,"costumer servis GO-JEK lambat, aplikasinya kadang error ga bisa nge chat driver."
Dwi Pongky,5,2026-05-06 3:27:27,opsi klo lagi mager馃榿
rizki aulia,5,2026-05-06 3:20:02,cepat dan aman
N虉矛nos Reginales N虉矛nos,5,2026-05-06 3:16:52,mauliate
Ita Nursolihat,5,2026-05-06 3:14:56,manjay (mantap jaya)
Aam Putra Bungsu,5,2026-05-06 3:12:52,mantap
arief hamzah,5,2026-05-06 3:12:35,ok
Dede Phong,5,2026-05-06 3:03:13,mantap
Hendry Chen,1,2026-05-06 2:48:44,aplikasi busuk makin banyak aturan makin ribet...ngorder go send aja hampir 30 menit status masih mencari driver terus kaga dapat虏...pindah aplikasi aja udah
Reiz,1,2026-05-06 2:47:11,Aplikasi aneh. Pesan GoCar 3x cancel sendiri padahal driver sudah dekat. Saya sampai kena peringatan. Pesan GoFood malah order di resto yg sebelumnya padahal sudah klik order di resto lain yg juga udah pilih menu & voucher. Makin aneh lagi scroll gofood muter-muter doang pilihannya
Hendra Febrianto,5,2026-05-06 2:33:34,goooood
I NYOMAN PUTRA ASMARA,5,2026-05-06 2:02:49,cepat response
Septi Rahmawatitariutami,5,2026-05-06 1:37:07,semoga voucher nya ditambah terus hehe馃┓
Adi Nugraha,5,2026-05-06 1:31:57,cepat dn aman
Rizki Ilahi,5,2026-05-06 1:27:08,Mohon dibantu diperhatikan kesejahteraan drivernya ya
Alfredo Sama,5,2026-05-06 1:15:45,Puassssszzzzz
Alimin Regals,1,2026-05-06 0:35:40,"harus ada customer service sendiri untuk penanganan masalah paket hilang,barang ketinggalan,agar kami tidak disuruh menunggu saja tanpa kepastian berapa lama masalah akan selesai,bobroknya perusahaan keliatan dari cara penangan masalahnya"
Titinmulya,3,2026-05-06 0:12:13,"kalo ujan susah cari dirver, mana onkosnya berubah2 naik naik terus dapet nya tetep.susah"
M Rizal,1,2026-05-06 0:08:53,"tolong kepada pihak gojek untuk menghilangkan layanan gopaylater di akun saya telat 1 hari 50rb apa"" an saya tidak Sudi ada nya layanan gopay later lgi di akun saya"
yuli yanti,5,2026-05-06 0:07:16,"sangat membantu, mudah saat memesan"
Putri ayu Yasinta,1,2026-05-06 0:02:54,driver pada sok .. gamau ambil orang di terminal yg bawa barang banyak !
Mutiaradwi Anggraeni,4,2026-05-05 23:52:11,"Go-Jek si bagus ya tpi sebel bngt lagi buru buru trus ga sempet update disuruh updat dlu, lama bngt lagi, ga bisa ntar aja apa updatenya鈽猴笍"
Yohana Naftali,1,2026-05-05 23:25:06,"Makin kesini pelayanannya semakin menurun, sulit dapat driver padahal di aplikasi banyak nampilin driver tapi gada 1 pun yg nyangkut. Malah disuruh upgrade biaya, pas udh di upgrade sama ajaa tetep susah dpt drivernya"
hengtik sistiyaningrum,5,2026-05-05 23:23:54,sangat tepat waktu dan save drive
Tita Karlina,5,2026-05-05 23:23:18,puas
Toples Ples,5,2026-05-05 23:14:07,pelayanan driver Go car nya ramah.. mobil nya bersih dan nyaman... jika duduk di kursi depan selalu diingatkan untuk pakai sabuk pengaman...banyak promo harga... sangat terjangkau...puas banget... pokoknya Siip...mau kemana mana selalu ingat Gojek... dan jika pesan gojek responnya cepat...meskipun jarak nya sangat dekat driver motor selalu menawarkan untuk pakai helm.pelindung kepala... Terimakasih Gojek馃馃馃馃馃 猸愨瓙猸愨瓙猸愷煡梆煡梆煡梆煡梆煡梆煈嶐煈嶐煈嶐煈嶐煈嶐煉欚煉欚煉欚煉欚煉欚煓忦煓忦煓忦煓忦煓忦煂桂煂桂煂桂煂桂煂光潳锔忊潳锔忊潳锔忊潳锔忊潳锔忦煫娥煫娥煫娥煫娥煫�....
Nofita Rosa,5,2026-05-05 23:11:08,mantapp
Husnah Uun,4,2026-05-05 23:05:38,untuk aplikasi nya mudah sekali dalam penggunaan tetapi kenapa ya 1 Minggu sekali update terus jg gimana caranya app nya terbaca di user interface hp saya. setiap mau buka gojek aplikasi pasti buka nya ke playstore kan jdnya repot. gak bisa buru buru
YOS BATUBARA,5,2026-05-05 22:54:27,Pelayanan Mantablah
Gun Gun,5,2026-05-05 22:53:23,"mudah, praktis, dan pemantauan gampang"
Rafa Alinda 07,3,2026-05-05 21:32:03,"saya di kirimi saldo ke akun gojek ku..tapi saldo nya tidak masuk masuk..tapi dari pihak pengirim sudah ada kwitansi notifikasi sukses,,dan dan saya mau buat laporan dari aplikasi gojek kagak bisa di menu bantuan kagak ada opsi buat bikin laporannya..trus gimana saya bisa laporan ke pihak gojek kalo saldonya belum masuk masuk."
Achmad Fauzi,5,2026-05-05 19:43:41,bagus
RIDO SYAHPUTRA,5,2026-05-05 18:43:16,Gilak mantep banget ni apk nya
Tulus Supriyadi,5,2026-05-05 18:32:53,good aplikasi
ALENA,5,2026-05-05 17:39:25,bagus
Radentzhau,5,2026-05-05 17:07:46,mantap
Fifi Suriyanti,5,2026-05-05 17:03:33,mantap
Fahmi Ramdan,1,2026-05-05 16:28:42,driver pilih2 orderan
Yolanda Fitriana,5,2026-05-05 15:52:29,suka dengan aplikasi ini
Bintang Sofyan,5,2026-05-05 15:34:14,better sekarang
Dull Jalal,5,2026-05-05 15:28:13,goooood
Sapda Fajar9191,5,2026-05-05 15:09:53,馃憤馃憤馃憤
zikri muhardiza,1,2026-05-05 15:09:13,"cari drivernya lama kalii,baru udah dapat malah di batalin terus kalau udah lama mencari nya malah di naikin ongkos nya, ga bagus ini mah"
xcf RYDZWAN NURDIN,1,2026-05-05 14:37:33,aku cuma mau mematikan pembayaran otomatis hasilnya ngak ketemu2.. jadi aku kasih bintang 1 saja..
Ades Tiara Sapira,5,2026-05-05 14:30:44,susah banget dapat driver
Danil Matin,5,2026-05-05 14:11:37,sangat bagus
Tefilla Y.X.O,2,2026-05-05 14:05:28,drivernya suka cancel seenaknya tanpa konfirm daerah saya jg bukan redzone pernah juga mau gosend makanan banyak driver yang nerima tapi ga lama cancel kalo gamau bantu antar yauda gausa ditake dari awal bikin orang susah aja kayaknya perlu diketatin lagi kualifikasi untuk terima kerja sama mitra dll
Eko Utami,5,2026-05-05 13:35:13,mantap
Rudi WiBowo,5,2026-05-05 13:09:47,ok
Arfan Nur,1,2026-05-05 13:05:43,"sudah verifikasi no wa, tapi minta lagi verifikasi email, padahal emailnya tidak aktif, bikin ribet"
edmonsaija,5,2026-05-05 12:46:13,bagus cepat
Muhammad Ilham Fadil,4,2026-05-05 12:33:36,"Kapan ada pembayaran QRIS??? Notifikasinya lembet, kadang suka ga masuk"
Surma Adit,5,2026-05-05 12:28:58,bakus
Devdan Asvathama,1,2026-05-05 12:26:36,"driver go car minta tolong di benerin lagi,masa mesen gocar melebihi estimasi,saya sebagai costumer kecewa karena mama saya maraj marah kepada saya karna oknum gocar yang tidak becus,trmksh."
arfan yunus (Arfanyns),1,2026-05-05 12:20:22,aplikasi jelek
Muhammad Ranggayana Pasha,1,2026-05-05 12:17:20,titik di aplikasi dan alamat di deskripsinya sering beda. titik di hp driver dan di hp customer juga suka beda. bikin ribut antara driver dan customer doang ni aplikasi kerjaannya.
SL 7 JAYA ELEKTRONIK,1,2026-05-05 12:16:55,"aplikasi aneh, pesanan dibatalin sendiri sama driver dan di alihkan ke driver lain, masa langsung 2 driver yang di kirim sama gojeknya sementara orderan cuman 1, aneh sistemnya, ngerugiin driver sama cuatomer sistemnya ini"
Sri Mulyati,4,2026-05-05 12:16:29,boleh lah.. walau kadang telat
kun aguero,5,2026-05-05 12:07:07,Good
Bintang 05,4,2026-05-05 12:06:42,udh gk ada promo
Agus Santoso,5,2026-05-05 12:05:12,mantap
Dadang Kusmana _Satu Parongpong,5,2026-05-05 12:04:18,Bagus banget
edi kinarto,5,2026-05-05 11:57:34,Sangat membantu sekali Bintang lima. Sangat Mantab
wingki sari,1,2026-05-05 11:27:27,"saat ini saya kasih bintang 1 aja untuk aplikasinya, pesen gofood, biaya penanganan nya mahal bgt dan ada ""group order"" kalo mau murah, ribet banget sih, tinggal kasih diskon kayak dulu apa susahnya sih, masa' selisih ama sebelah bisa 30rb an, gile"
ICOL GRAWIRA,5,2026-05-05 11:27:03,mantap
Rahmat Hidayat,5,2026-05-05 11:19:58,mudah digunakan
agus afrianto,1,2026-05-05 11:10:19,"parah bgt apk ini saya selaku punya resto merasa dirugikan lama sekali dapat driver padahal barang sudah ready sekalinya dapat driver posisi sudah dekat tau"" ilang lagi drivernya beda sama apk sebelah walaopun lama tetep driver mau ambil"
Amalia Ayu,2,2026-05-05 11:07:10,"sdh kesekian kalinya dan tidak hanya saya, keluarga dan teman虏 saya sangat kecewa dengan driver gocar yg terkesan gercep ambil order tapi minta di batalkan karna alasan penjemput terlalu jauh atau mobil tidak gerak虏. sangat mengecewakan."
Arill Efendi,5,2026-05-05 11:03:58,terimaksih aplikasi ini sangat membantu saya
Ummu Opi,5,2026-05-05 11:03:16,oke
Rio Senja,5,2026-05-05 10:47:48,keren banget driver nya juga motor nya bagus bagus
Engkus Ebeng,1,2026-05-05 10:47:00,apk makin enggak jelas aja apa mau bangkrut ya ?
Ayana Sukmana,3,2026-05-05 10:35:35,kecewa sekarang titik tujuan ga bisa dipindahkan/ diganti
NOR HADI official,5,2026-05-05 10:31:56,oke bagus para driver gocar/gojek
Rosdiana Rona,5,2026-05-05 10:29:33,cepet promo nya banyak 馃檹馃檹
Kentzio Yumigo,5,2026-05-05 10:11:43,good application
alexander lie,5,2026-05-05 10:11:01,good
Dyh Ayu18,5,2026-05-05 10:10:02,good 馃憤
Luthfi Hidayat,5,2026-05-05 9:58:32,mantap
Priwa #044,5,2026-05-05 9:57:36,terimakasih
Dewa Wira,2,2026-05-05 9:50:25,"nyari driver lama nya mintak ampun, padahal lokasi di tengah kota jam ya jam kerja tapi sama sekali gk ada yg nerima orderan,"
agus priyono,5,2026-05-05 9:49:12,gooodddd
Jhon Alexander,5,2026-05-05 9:35:11,bagus dalam segi palayanan
Tommy Markus Posumah,5,2026-05-05 9:32:58,okeh
Wismawati,5,2026-05-05 9:21:03,gooooooo
Lutpi Okeep,5,2026-05-05 9:21:00,b aja
Azkal Azkia,4,2026-05-05 9:19:47,ok
GPI Sektor 1 Jakarta,3,2026-05-05 9:14:55,"makin lama , makin susah dapet driver untuk gosen instant..!!! instant aja susah, payah.."
Erika Agustin,1,2026-05-05 9:14:31,"untuk fitur layanan go pinjam sudah pernah dipakai ingin mengajukan lagi 2 kali tidak bisa menunggu 1 bulan kembali berulang terus, fiturnya sangat jelek"
masbamzps,1,2026-05-05 9:06:10,susah dapet driver lagi urgent2 nya fix uninstall
Rhany Ningsih,5,2026-05-05 8:32:22,orangnya ramah
Dewi Anggraini,5,2026-05-05 8:26:34,"Apk bagus, lumayan buat mesen mesen makanan, berpergian, dll"
Ani Indriyani,5,2026-05-05 8:24:14,membantu sekali
Elsha Aurella,5,2026-05-05 8:17:42,sangat membantu
Sumaidah Suen,5,2026-05-05 8:14:53,drivernya ramah ramah banyak paket hematnya makasi gojek
Decha cell,5,2026-05-05 8:05:34,josss
Aprilia Keyla,5,2026-05-05 8:05:00,bisa pesan dalam keadaan lagi mendesak
Togap Sitorus,5,2026-05-05 8:02:48,mantap dan keren
MULYADI,5,2026-05-05 7:51:29,"pinjam uang di gopay pinjam langsung cair. enaknya lagi bisa pinjam berkali-kali, meskipun tagihan lama belum lunas. terimakasih gojek & gopay pinjam. semoga sukses selalu."
M Sahrul Maulana,1,2026-05-05 7:38:58,tiap pesen selalu lama banget dapet drivernya
Zahwa Puspita Anggraini.,5,2026-05-05 7:28:15,tergantung driver馃憤馃憤 sejauh ini aplikasinya bagus馃
Dewi Mulyasari,1,2026-05-05 7:22:46,ga ada driver mobil yg mau jemput di perumahan
Ruth Natali,5,2026-05-05 7:22:37,banyakin promonya ya馃槃
Yuda Permana,5,2026-05-05 6:48:28,mantapppp
Alexander Putra matondang,5,2026-05-05 6:47:59,"mantapitozzzoramitozz,, aplikasi yg bagus untuk mempermudah semuanya di hidup saya,,mantap pokoknya"
Samuel Eza,5,2026-05-05 6:33:57,ok
Mey Mey,5,2026-05-05 6:23:10,mantep
Aries Rachmad,1,2026-05-05 6:22:20,kalau musim hujan di malam hari..susah cari driver.. aplikasi ini tidak rekomended.. malah dapat chat tagihan pinjol di aplikasi gojek.. kalau mau buat pinjol tolong dibedakan ya..
Kurniawati Ningsih,5,2026-05-05 6:17:39,ok cepat sampai
Sariyulis,5,2026-05-05 6:17:31,the best馃憤馃挴
David BEP,2,2026-05-05 6:11:49,"Games nya gak bisa dibuka semua. Aku pikir signal, aku coba pake Gofood ternyata lancar. Kalo aplikasinya gak kuat lebih baik gak usah diisi games lah. Biar gak besar filenya."
vici lambertino,5,2026-05-05 6:09:19,"pengantaran cepat,....banyak diskon"
Pairin Mulyadi,5,2026-05-05 6:05:45,Gojek Aman dan Terpercaya.
Khuswatun Khasanah (Uzna),5,2026-05-05 5:54:16,banyak promo nya jd lebih murah... pas banget buat ibu2 yg suka promoan iniihh馃槃
Ana Tasya,4,2026-05-05 5:45:21,"aplikasi nya bagus, cumaa tolong dong abang abng gojek nya yang ramah dikit gitu sbgian ada yang ga ramah ga punya attitude masa ngomel ngomel perkara gatau ruma saya pdhl kan saya bisa arahin, sgtu saya smperin ya, ga dianter smpe tujuan(rumah saya) mala saya yang nyamperin , malesin sih sbnrnya gtu teh ga ada usaha nya banget abang driver nya, yang buat saya risih tu di telpon si kan saya jga bs abales chat sya fast respon ko, klo ga chat nomor wa saya kan ada di cantumin."
Ruswanto Wanto,5,2026-05-05 5:42:52,Mudah aplikasi dan penggunaannya.
Marita Ilyanti,5,2026-05-05 5:10:04,tepat waktu
Timbul Suyanto,5,2026-05-05 5:05:05,"pelayanan bagus, pengiriman tepat waktu estimasi"
Ellyn Wancana,5,2026-05-05 5:02:44,okee banget sering banyak promo
Ayu Widari,5,2026-05-05 4:52:37,cepat
Yiiskaa _,1,2026-05-05 4:43:36,"saya naik gocar, disuruh offline sama drivernya. dgn alasan potongan argonya besar, sdgkan saya bayar cash. saya iyain karna rasa empati saya, penumpang yg dibawa adlh kedua ortu saya yg lagi sakit, jadi saya ga bisa berpikir jernih dlm kondisi tsb, dan dia minta uang isi tol 50k ke mama saya, mama saya isiin. stlh sampai mama saya dipinta harga 2x lipat dari argo. (rs primaya tgr- RS tarakan jkt). stlh saya share di sosmed, trnyata byk kejadian sprti saya, byk driver yg nakal demi keuntungnya"
Muslim Saleh,5,2026-05-05 4:42:29,"Tiada pilihan lain, kecuali gojek"
Bunda Betty,5,2026-05-05 4:37:07,"mudah,aman,cepat"
akihito abe,5,2026-05-05 4:36:00,ok
Novaline S 8805,5,2026-05-05 4:00:29,ntappss
Pratama.,5,2026-05-05 3:54:33,"BAGUS BAT ANJIERS, sehidup ini blm pernah nemu driver problematik disini wkwk, mantull dah ni aplikasi 馃コ"
lidya fadilla,1,2026-05-05 3:50:03,beda menit aja udh beda ongkir Kwkwk
Alin 2323,5,2026-05-05 3:12:28,sangt membantu
Nur Wilda,5,2026-05-05 3:05:43,mantap
Amethys Cahaya,5,2026-05-05 2:58:55,cepat
Yuma Adyuta,5,2026-05-05 2:41:29,bagus
Windiii,1,2026-05-05 2:37:15,sumpah driver sekarang pada males jalan. kenapaaa yaa? padahal sayaa sudah tambahin pencarian driver.
denny suseno,3,2026-05-05 2:12:55,udah diupdated aja ms eror... tiap mau order instant gak bs.... cm muncul 3 angka 馃槧馃槫
Jel Rahayu,4,2026-05-05 1:53:23,so far masih aman ya
Ana Ana,5,2026-05-05 1:25:39,siip
Key key,5,2026-05-05 1:17:05,aplikasinya bagus sangat membantu
Agus Riadi,5,2026-05-05 0:32:37,馃
Mactha Latte,1,2026-05-05 0:20:52,susah banget cari driver
Sakti Buana Wangi,5,2026-05-05 0:08:28,Gojek Terbaik
Nisrina Aula,3,2026-05-05 0:07:38,"plis tolong ya gojek pertegas dan perjelas lagi bagian parking fee nya!!! ini udh lebih mahal dr aplikasi sebelah, pakai charge parkir tambahan ke driver lagi, nyesel saya beli lewat sini"
Citra Apriyani,2,2026-05-04 23:50:54,"sya ksih nilaii segini sebenarnya karena pengalaman sy , sya pernah d fitnah oleh driver,d marah marahi, di ish ish in, dn dll, klo bukan karna gda yg anter ini dn gda ojek di sekitarnya rumah,klo semisalnya ada sy gamau pake GOJEK LAGI trauma berat tpi sy lakuin karna gaad lgi kendaraan"
ESAPRO TV,5,2026-05-04 23:48:44,mantaaap keren dan gak ribet
Mozanta Dwi R.,5,2026-05-04 23:33:53,"ada saat dibutuhkan, muantaff"
mia zumi,1,2026-05-04 23:27:47,banyak kecewa aplikasi gojek... tp tidak ada perbaikan
Atep Mugni Soleh Hudin,1,2026-05-04 23:25:11,"Banyak ojek pake jaket Gojek tapi gak ada di aplikasi, jaket sama helm nya dijualan di Tokopedia ya? JADI bingung 馃槙"
Pitunk Putih,5,2026-05-04 23:09:31,mantap
putu suryawan,5,2026-05-04 22:53:48,bagus
Harfah Harfah,3,2026-05-04 22:44:05,馃憤
Angga Novida Yasma,3,2026-05-04 21:56:15,"kadang sulit dapat kendaraan, padahal di kota yang rame seperti gresik"
HENDRI PADANENGA,5,2026-05-04 21:54:19,sangat membantu dalam kehidupan sehari-hari
Irfan Indramayu,1,2026-05-04 21:47:24,lambat dirver lama jangan donlod mending grab aja
ajna langit,4,2026-05-04 21:34:55,membantu sekali
bravopapa11,5,2026-05-04 21:26:12,good
Tono Sugiharto,5,2026-05-04 20:55:37,Pelayanan yg professional dan sangat memuaskan. TERIMAKASIH.
Deka Aldheryno bettafish,5,2026-05-04 19:58:06,good
Markus Restujosandy Panjaitan,1,2026-05-04 19:10:16,"udah nunggu 1 jam sekalinya pesanan gofood kita di cancel, emang makin bobrok ni aplikasi"
Asep Iswanto,5,2026-05-04 19:02:02,good job welldone....thanks Gojek
Buah Segar,5,2026-05-04 18:48:15,Bagus
Amal,1,2026-05-04 17:55:04,"layanan darurat dijawab pake BOT ini mikirnya apa si sebenernya kebayang kalo konsumen di bawa kabur driver...keburu jadi korban konsumen kalian baru kalian respon... KECEWA BANGETTT SAMA APLIKASI INI, aplikasi ini gak save brti buat penumpang terutama yg order malam hari"
Nur Hayati,1,2026-05-04 17:54:48,baru kali ini gw di bentak2 driver gw blm ngmng apa2 main di bentak2 aja kalau gk niat kerja jgn kerja tdr aja di rumah saudara bkn asal bentak2 orang se enak jidatnya sndri
takur race,5,2026-05-04 17:01:48,馃憤馃徎
ratih chandra,1,2026-05-04 16:52:14,"Terlalu mahal dibanding app sebelah. Bisa sampe 10rb jika dibandingin yg sebelah. Driver banyak yg bikin emosi, sering cancel2 seenaknya pas jam rawan ataupun ketika hujan tanpa konfirmasi"
Mekejang Melah,5,2026-05-04 16:50:15,mantap
Max Channel,5,2026-05-04 16:15:04,Aplikasi ternyaman dan memberikan pelayanan yg baik kepada customer dan Mitra pengemudi 馃槉
Nadia Sayyidah Arifah,1,2026-05-04 16:12:32,"susah cari driver, tolong di perbaiki ya sistem nya min"
Rachmat Firdaus,5,2026-05-04 16:05:21,good
Armen Men,5,2026-05-04 16:05:16,aman aman aja sampai sekarang
Advokat Suharni,5,2026-05-04 15:40:18,Aplikasi membantu
Restu Rahayu,5,2026-05-04 15:31:53,"sengaja saya kasih bintang 5 supaya di baca saya selalu ga dapet drivernya, susah nyari nya, dapet juga suka di batalkan, kirain dari taun kemarin udah di ubah ternyata sama aja gini, saya udah coba lebihh dari 3x tetep aja ga dapet, saya udah nungguin lebih dari 1 jam ga dapet dapet driver, mana saya sedang buru buru ke tujuan lokasi, katanya membantu, membantu apa nya?"
Kencana Foto Copy,5,2026-05-04 15:28:20,cukup membantu
Aku Giliran,3,2026-05-04 15:22:27,sudah Lama pake Gopay kok gak bisa playter nya malah di suruh pinjAm BPKB klo BPKB mendingan ke BANK AJA. Bantu dong aktipin playter nya
Misih Zacky,5,2026-05-04 15:16:50,馃憤馃憤馃憤
ceu ponse,1,2026-05-04 15:15:58,gasuka driver cancel orderan ga dri awal.. tau cancel dri awal biar cari driver lain.. ini udh nunggu 15 menit baru cancel.. tolong driver suka cancel di beri himbauan
Dara Meyliana,2,2026-05-04 15:12:14,"gojek semenjak orderan digabung"" bikin lama, makanan jd ga fresh smpe ke customer"
Haaanz Bastian,1,2026-05-04 15:09:59,lama banget nyariny dan orderan nya lambat
sandika bintang,1,2026-05-04 15:09:13,susah dapet driver
Lunaa01 Luna,1,2026-05-04 15:07:52,"makin ke sini makin ga jelass kadang pada males malesan jemputnya!! saya tunggu ga jalan jalan kadang malah jalan mnjauh dri pnjmputan ! drivr juga ada yg minta cancell saya sudah tunggu dri 10 mnit pdhl 5 mnit lagi sampai malah minta cancel males males san pada ga mau klo saya pilih ""HEMAT"" pdhl ada pilihanya skrng pada males malesan"
Iin Inansyah,1,2026-05-04 14:45:56,kebijakan lo sama harga makin thaiik bikin susah dapet driver.
Syahrul alamsyah Siregar,5,2026-05-04 14:44:09,"smoga gojek semakin sukses dan terdepan di setiap bidang apa pun, 馃げ馃憤馃挴馃尮馃拹鉂わ笍"
Imam Rudi,1,2026-05-04 14:38:30,ongkir gofood mahal banget.. liat tuh kompetitormu.. berapa biaya layanan + ongkirnya..
nuradhi ramadhan,5,2026-05-04 14:36:58,lebih praktis good
arfan nurul huda,1,2026-05-04 14:35:26,konsumen gofood pada sadis ngasih bintang satu ke merchant pdhl solusi ada tinggal chat kekurangan ..kadang solusi SDH ketemu bintang satu GK bisa di ubah ...konsumen adalah raja tega ...
Sabrina Gita,5,2026-05-04 14:31:54,bepergian jadi gampang dan tidak ribet
pandi setiawan,1,2026-05-04 14:28:29,klo hujan sulit dapat driver
Azka Yazidkiram,5,2026-05-04 14:26:51,bagus
asep gunawan,5,2026-05-04 14:21:13,mantap
Dinda Ayu Chartika,1,2026-05-04 14:18:14,"APP GO FOOD KALIAN BUSUK BANGET.. ORDER MAKANAN SEJAMAN GEGARA GA DAPET2 DRIVER,CUMA MINTA BATALKAN SAJA RIBETNYA MINTA AMPUN..KALIAN BELAJAR DARI APP OREN NOH. DIKASIH TENGGANG WAKTU ""SELAMA 10 MENIT TIDAK DAPAT DRIVER AKAN TERBATALKAN OTOMATIS"" HARUSNYA SEPERTI ITU!!!!!"
rose Rapasy,5,2026-05-04 14:07:12,dari dulu sampai sekarang gak ragu pakai gojek profesional
Wike adhi anggono,5,2026-05-04 14:02:12,aman
Kapten Gamers,1,2026-05-04 13:55:42,tolong dong driver yg milih虏 itu ditindakin dan anda sebagai perusahaan ngotak jg biar driver pd nggak pilih虏 pesanan gw mesan 5x ditolak dikira gw ngemis apa
Maudy Adinda putri,5,2026-05-04 13:55:20,"saya senang menggunakan aplikasi gojeg,,sangat membantu kalo berpergian kemana saja saya selalu menggunakan gojeg,,trimakasih馃檹馃徎馃槃"
BalakIsland Resort2024,4,2026-05-04 13:55:11,agak slowrespon skrg
Ganjarrr pake R,1,2026-05-04 13:53:20,driver tidak memuaskan
Rahmat Djambak,5,2026-05-04 13:51:56,ramah dan cepat
Ajie Suhartoyo,5,2026-05-04 13:50:42,okey
Irfan Permana,1,2026-05-04 13:33:44,"drivernya males虏. keliatannya doang dijalan banyak jaket ijo. saya tinggal di perkotaan, tapi tiap order munculnya jauh虏 + lama, lambat, pelanggan dianggap gak penting. percuma kalo kerja cuma nampang doang. yg lu bisa cuma ""mohon maaf atas ketidak nyamanannya"". DAH. kritik saran konsumen hanya dianggap angin lalu"
Hakuna Hatahutu,1,2026-05-04 13:30:38,aplikasinya bagus playanannya bagus syangnya oknumnya juga ada ! kenapa sih harus ada yg offline dan maksa yg lain ikutan offline ? akhirnya setiap x hujan susah pelanggan yg mau pulang. kalo emng yg butuh duit ya biar lah dia narik gak ush dipksa buat ikutan offline. gedek bngt q sm orang orang bgini.
Rahel Putri,1,2026-05-04 13:25:18,"pesanan ga sampe' udah nunggu 2 jam, tb' di batalin"
Martua Rambe,1,2026-05-04 13:23:49,senang
Ihsanmutayyama,5,2026-05-04 13:18:02,bagus
Uky liur Uky liur,5,2026-05-04 13:11:06,ok mantap x bsa pesan ojek nya pas tempt waktu
Seful Anwar,1,2026-05-04 13:07:44,"Aplikasi aneh,udah kedua kali ini kejadian topup saldo tidak masuk 馃槕 kejadian pertama gitu,pas topup kedua masuk yang pertama kaga ini kejadiannya sama lagi ah elah ngrepotin amat si Help,team Gojek! Update terbaru lagi pesanann cancel karena nunggu lama.ampe.sekarang ga kembali dananya"
Ratu Kuku,1,2026-05-04 13:07:02,"tutup aja go food ,prcma ssah dpt driver trs,mkn ksni gojek mkin lemah"
DestrianaWiyanti,5,2026-05-04 13:03:01,bagus
Mohamad Salafuddin,4,2026-05-04 13:02:29,ok dan ok
Made Wira,5,2026-05-04 12:37:55,mantap jaya.. membantu dalam dituasi kepepet
Nurna Ningsih,5,2026-05-04 12:27:00,sangat membantu
Banyu ad76,5,2026-05-04 12:22:49,aplikasinya gak ngelag
Teteh Cantik,5,2026-05-04 12:22:14,bagus aplikasi nya
yogi lesmana,5,2026-05-04 12:17:58,ok banget
Sibroo 1994,1,2026-05-04 12:12:36,pesan grabcar lama
rie' sagita,1,2026-05-04 12:12:01,"stelah saya cancel. parah nya driver sampai datang k rumah. anak saya kaget driver datang kerumah. anak sdh mnta maaf k driver. dan menjelas kan hp mati Krn baterai habis. anak tdk tau klo gojek nya terproses.. kebetulan akun gojek nya saya pantau juga dari hp saya, jd saya cancel dari hp saya, Krn kasian pk gojek nya sdh lama nunggu. driver hafidh taqiyuddin B 4825 TGI,saya mohon maaf atas kesalahan anak saya. tp saya kecewa dgn tindakan smpai datang kerumah. kasian anak saya jd kebinggungan"
Wanda Juanda,5,2026-05-04 11:56:19,Aplikasi bagus dan sangat membantu dan tarif ongkirnya standar sukses terus gojek 馃檹 Saya beri rating 100 bagus sangat membantu
Fitri Anggraeni,1,2026-05-04 11:43:35,gofood kalo gak bisa antar ga ada driver nya jgn di buka gofood nya. customer nunggu doang tapi ga ada solusi nya makannan ga diantar sudh 1jam. pelayanan makin buruk
Daffa Algani,5,2026-05-04 11:39:29,baik
Mugi Mabruroh,5,2026-05-04 11:37:08,supir ramah komunikatif
Manyund Vershink,1,2026-05-04 11:35:43,kesian sekarang driver argo 5 ribu gofood nya dan GO-RIDE hemat nya 10 order di ambil saldo nya 20 ribu.. semoga di hapus program itu #gojekindonesia #kemnaker
fahril anb,1,2026-05-04 11:34:15,"blok nyari driver gofood lama banget tol ujung"" nya di batalin , udah kesekian kali ga dapat kurir!!"
Fawwaz Gibran,1,2026-05-04 11:24:25,"jelek bgt, nyari driver lama, giliran dapet gak gerak"
Sir Allah,5,2026-05-04 11:16:33,amanah
Yumna Arifah,5,2026-05-04 11:14:41,bagus pelayanan nya cepat
Jony Soff123,5,2026-05-04 11:13:13,Ok
Susetio Hutomo,1,2026-05-04 10:58:02,"kalau yang ada gratis ongkir dari promo jangan ambil gojek plus, barusan saya ambil gojek plus tapi promo ongkir yang bersatu sama promo makanan nya terhapus otomatis, jebakan baru, padahal sebelumnya nggk kayak gitu"
Muchammad Suryo,5,2026-05-04 10:54:31,"kalo bisa jangan terlalu cepat update, terimakasih."
Nanang Sunadi,1,2026-05-04 10:51:20,"makin gajelas aplikasinya. kirim gosend tapi ga gerak gerak posisi driver, sampe waktu nunggu habis tapi posisi driver masih ga gerak"
Valen Valentina,4,2026-05-04 10:51:06,bgus si
neo mataram,5,2026-05-04 10:49:13,"sofar sangat membantu, aman dan nggak ugal-ugalan..馃檹"
GP Ansor Ranting Pacul Timur,5,2026-05-04 10:39:08,jos jis.. selalu ada promo
Hept Eltasis,5,2026-05-04 10:35:06,ok
Syahi Efendi,5,2026-05-04 10:15:55,bagus
Rafael Aditya,5,2026-05-04 10:05:59,mantap
Sunny Suherman,5,2026-05-04 10:01:21,mantap
azkapermanarahardian19,4,2026-05-04 9:59:28,"saya kurang suka sama salah satu driver,saya batalkan karna salah pilih alamat,eh di lain waktu dia malah marahin saya di depan rumah di depan Kakak saya,padahal saya sudah bilang ""pak maaf saya cancel karna salah pilih alamat"". Saya harap driver seperti itu belajar cara adab bukan belajar mencari uang saja.Dia Bilang ke kakak saya seperti ""eh itu Ade kamu di ajarin ,Jangan suka cancel cancel""padahal saya baru pertama kali bertemu dengan driver itu. nama drivernya Dudung Bin Naan"
Aqila Ismah,3,2026-05-04 9:54:44,"banyak promo tapi Driver untuk gofood nya suka banyak yang gak ngambil, jadi pesanan nya harus di batalkan.. dan itu kurang memuaskan karena udah nunggu lama eh tiba tiba di suruh batalin.. sering kaya gini soalnya jadi males kalo pake gofood lagi.. tolong ya di atasi permasalahan nya"
Syifa Kumala,2,2026-05-04 9:51:23,"awal虏pke nih apk emg membantu pas lagi urgent, driver juga gampang dpt nya. tapi kenapa pas makin ke sini malah makin susah dpt dirver, apalagi pas hujan, walaupun ada driver dkt lokasi kita tapi ga diterima, jdinya malah nyusahin. tolong diperbaiki untuk kedepannya"
Achmad Azhar Alam,1,2026-05-04 9:49:09,mau order go food aja mental Mulu aplikasinya. bilang voucher tidak berlaku. . udh di pencet tanda silang malah balik ke halaman awal. begitu terus. error GK jelas. gimana mau order ini . udh voucher dikit. konsumen di persulit
Restu,5,2026-05-04 9:39:22,mantap
Nur Endah,5,2026-05-04 9:20:23,good
Ezrr Rsya,5,2026-05-04 9:15:44,"maf utk mas"" yg tdi pencarian driver ny lup sy mtiin馃檹"
Fadilah Joy,5,2026-05-04 9:11:19,sy puas dgn pelayanan nya
Sutrisno Trisno,5,2026-05-04 9:09:54,tepat waktu